id;code;heading;description;link
1;Wisconsin Chief;cross-media dynamic program;frame;Jewelery composite
2;Fully-configurable Industrial;world-class backing;redefine Account quantifying;architecture Intelligent
3;Manager;Table Andorra networks;Multi-tiered Islands;SMS Cambridgeshire
4;generating;Synchronised;Refined;evolve content-based Designer
5;Extended synthesize;National;Chair;Garden
6;24/7;Won Minnesota;intuitive capacitor transmit;Practical Account
7;Granite synthesize;Steel white;Estonia;Rand optical quantify
8;Configuration Garden North;improvement;haptic;Pizza Kentucky Salad
9;AGP;Soap homogeneous Buckinghamshire;Club Yen Bacon;digital
10;Steel;transmitter Branch;quantifying Developer USB;connect
